{"cameraMode":{"drawMode":0,"name":"Shaded","section":"Shading Mode"},"sceneLighting":true,"audioPlay":false,"sceneViewState":{"m_AlwaysRefresh":false,"showFog":true,"showSkybox":true,"showFlares":true,"showImageEffects":true,"showParticleSystems":true,"showVisualEffectGraphs":true,"m_FxEnabled":true},"in2DMode":false,"pivot":{"x":-34.72008514404297,"y":9.439781188964844,"z":-0.12583541870117188},"rotation":{"x":-0.10361035913228989,"y":0.015512967482209206,"z":-0.0016162573592737318,"w":-0.9944977760314941},"size":17.528249740600587,"orthographic":false}